subject_name,school_name,tier,region,codes
自动控制原理,上海交通大学,985高校,上海,"[""817""]"
自动控制原理,东北大学,985高校,辽宁,"[""839""]"
自动控制原理,东南大学,985高校,江苏,"[""835""]"
自动控制原理,中南大学,985高校,湖南,"[""846"", ""895""]"
自动控制原理,中山大学,985高校,广东,"[""889""]"
自动控制原理,华中科技大学,985高校,湖北,"[""829""]"
自动控制原理,南京大学,985高校,江苏,"[""865""]"
自动控制原理,南开大学,985高校,天津,"[""810""]"
自动控制原理,厦门大学,985高校,福建,"[""844""]"
自动控制原理,吉林大学,985高校,吉林,"[""812""]"
自动控制原理,同济大学,985高校,上海,"[""825""]"
自动控制原理,四川大学,985高校,四川,"[""871""]"
自动控制原理,国防科技大学,985高校,湖南,"[""851""]"
自动控制原理,大连理工大学,985高校,辽宁,"[""854""]"
自动控制原理,山东大学,985高校,山东,"[""847""]"
自动控制原理,武汉大学,985高校,湖北,"[""856""]"
自动控制原理,湖南大学,985高校,湖南,"[""823""]"
自动控制原理,电子科技大学,985高校,四川,"[""839""]"
自动控制原理,西北工业大学,985高校,陕西,"[""821""]"
自动控制原理,重庆大学,985高校,重庆,"[""844""]"
自动控制原理,中国矿业大学（徐州）,211高校,江苏,"[""868""]"
自动控制原理,内蒙古大学,211高校,内蒙古,"[""867""]"
自动控制原理,北京化工大学,211高校,北京,"[""841""]"
自动控制原理,北京工业大学,211高校,北京,"[""821""]"
自动控制原理,北京林业大学,211高校,北京,"[""855""]"
自动控制原理,北京科技大学,211高校,北京,"[""851""]"
自动控制原理,南京林业大学,211高校,江苏,"[""834""]"
自动控制原理,南京航空航天大学,211高校,江苏,"[""820""]"
自动控制原理,合肥工业大学,211高校,安徽,"[""834""]"
自动控制原理,哈尔滨工程大学,211高校,黑龙江,"[""808""]"
自动控制原理,大连海事大学,211高校,辽宁,"[""806""]"
自动控制原理,武汉理工大学,211高校,湖北,"[""848""]"
自动控制原理,江南大学,211高校,江苏,"[""807""]"
自动控制原理,海南大学,211高校,海南,"[""899""]"
自动控制原理,苏州大学,211高校,江苏,"[""842""]"
自动控制原理,西安电子科技大学,211高校,陕西,"[""843""]"
自动控制原理,上海理工大学,普通高校,上海,"[""867""]"
自动控制原理,东北电力大学,普通高校,吉林,"[""841""]"
自动控制原理,中北大学,普通高校,山西,"[""827""]"
自动控制原理,中国民航大学,普通高校,天津,"[""801""]"
自动控制原理,中国科学院沈阳自动化研究所,普通高校,辽宁,"[""857""]"
自动控制原理,兰州理工大学,普通高校,甘肃,"[""835""]"
自动控制原理,内蒙古工业大学,普通高校,内蒙古,"[""827""]"
自动控制原理,内蒙古科技大学,普通高校,内蒙古,"[""809""]"
自动控制原理,北京信息科技大学,普通高校,北京,"[""803""]"
自动控制原理,北京建筑大学,普通高校,北京,"[""832""]"
自动控制原理,北方工业大学,普通高校,北京,"[""851""]"
自动控制原理,华北理工大学,普通高校,河北,"[""821""]"
自动控制原理,南京信息工程大学,普通高校,江苏,"[""817""]"
自动控制原理,南京工业大学,普通高校,江苏,"[""820""]"
自动控制原理,南京邮电大学,普通高校,江苏,"[""812""]"
自动控制原理,哈尔滨理工大学,普通高校,黑龙江,"[""810""]"
自动控制原理,四川轻化工大学,普通高校,四川,"[""809""]"
自动控制原理,大连交通大学,普通高校,辽宁,"[""807""]"
自动控制原理,天津工业大学,普通高校,天津,"[""811""]"
自动控制原理,安徽工程大学,普通高校,安徽,"[""811""]"
自动控制原理,山西大学,普通高校,山西,"[""865""]"
自动控制原理,广东工业大学,普通高校,广东,"[""810""]"
自动控制原理,广州大学,普通高校,广东,"[""864""]"
自动控制原理,广西科技大学,普通高校,广西,"[""803""]"
自动控制原理,扬州大学,普通高校,江苏,"[""832""]"
自动控制原理,杭州电子科技大学,普通高校,浙江,"[""861""]"
自动控制原理,桂林电子科技大学,普通高校,广西,"[""808""]"
自动控制原理,武汉科技大学,普通高校,湖北,"[""814""]"
自动控制原理,江汉大学,普通高校,湖北,"[""807""]"
自动控制原理,江苏科技大学,普通高校,江苏,"[""808""]"
自动控制原理,沈阳工业大学,普通高校,辽宁,"[""827""]"
自动控制原理,沈阳理工大学,普通高校,辽宁,"[""811""]"
自动控制原理,沈阳航空航天大学,普通高校,辽宁,"[""809""]"
自动控制原理,河北科技大学,普通高校,河北,"[""802"", ""829""]"
自动控制原理,河南科技大学,普通高校,河南,"[""823""]"
自动控制原理,济南大学,普通高校,山东,"[""841""]"
自动控制原理,深圳大学,普通高校,广东,"[""901""]"
自动控制原理,渤海大学,普通高校,辽宁,"[""832""]"
自动控制原理,湖南科技大学,普通高校,湖南,"[""822""]"
自动控制原理,湘潭大学,普通高校,湖南,"[""837""]"
自动控制原理,燕山大学,普通高校,河北,"[""805"", ""806"", ""830"", ""832""]"
自动控制原理,空军工程大学,普通高校,陕西,"[""881""]"
自动控制原理,西安工程大学,普通高校,陕西,"[""813""]"
自动控制原理,西安建筑科技大学,普通高校,陕西,"[""836"", ""874""]"
自动控制原理,西安科技大学,普通高校,陕西,"[""818""]"
自动控制原理,西安邮电大学,普通高校,陕西,"[""828""]"
自动控制原理,辽宁石油化工大学,普通高校,辽宁,"[""841""]"
自动控制原理,重庆邮电大学,普通高校,重庆,"[""805""]"
自动控制原理,长春工业大学,普通高校,吉林,"[""806""]"
自动控制原理,陕西科技大学,普通高校,陕西,"[""807""]"
自动控制原理,黑龙江大学,普通高校,黑龙江,"[""830"", ""890""]"
自动控制理论,上海交通大学,985高校,上海,"[""816""]"
自动控制理论,中国海洋大学,985高校,山东,"[""842""]"
自动控制理论,中国科学技术大学,985高校,安徽,"[""845""]"
自动控制理论,北京理工大学,985高校,北京,"[""810""]"
自动控制理论,天津大学,985高校,天津,"[""812""]"
自动控制理论,西安交通大学,985高校,陕西,"[""811"", ""871""]"
自动控制理论,上海大学,211高校,上海,"[""836""]"
自动控制理论,东北林业大学,211高校,黑龙江,"[""828""]"
自动控制理论,东华大学,211高校,上海,"[""824""]"
自动控制理论,中国石油大学（北京）,211高校,北京,"[""854""]"
自动控制理论,中国石油大学（华东）,211高校,北京,"[""829""]"
自动控制理论,华北电力大学（保定）,211高校,河北,"[""841""]"
自动控制理论,华北电力大学（北京）,211高校,北京,"[""841""]"
自动控制理论,南京理工大学,211高校,江苏,"[""873""]"
自动控制理论,南昌大学,211高校,江西,"[""873""]"
自动控制理论,太原理工大学,211高校,山西,"[""830""]"
自动控制理论,安徽大学,211高校,安徽,"[""831""]"
自动控制理论,新疆大学,211高校,新疆,"[""842""]"
自动控制理论,河北工业大学,211高校,河北,"[""897""]"
自动控制理论,河海大学,211高校,江苏,"[""827""]"
自动控制理论,福州大学,211高校,福建,"[""812""]"
自动控制理论,贵州大学,211高校,贵州,"[""837""]"
自动控制理论,郑州大学,211高校,河南,"[""832""]"
自动控制理论,长安大学,211高校,陕西,"[""812""]"
自动控制理论,中国科学院大学,普通高校,北京,"[""857""]"
自动控制理论,华东交通大学,普通高校,江西,"[""811""]"
自动控制理论,南通大学,普通高校,江苏,"[""820""]"
自动控制理论,天津科技大学,普通高校,天津,"[""819""]"
自动控制理论,太原科技大学,普通高校,山西,"[""825""]"
自动控制理论,河北大学,普通高校,河北,"[""887""]"
自动控制理论,河南大学,普通高校,河南,"[""849"", ""884""]"
自动控制理论,浙江工业大学,普通高校,浙江,"[""828""]"
自动控制理论,浙江理工大学,普通高校,浙江,"[""851""]"
自动控制理论,湖北工业大学,普通高校,湖北,"[""811""]"
自动控制理论,湖州师范学院,普通高校,浙江,"[""882""]"
自动控制理论,西安工业大学,普通高校,陕西,"[""810""]"
自动控制理论,西安理工大学,普通高校,陕西,"[""822""]"
自动控制理论,辽宁工业大学,普通高校,辽宁,"[""810""]"
自动控制理论,长沙理工大学,普通高校,湖南,"[""825""]"
自动控制理论,青岛大学,普通高校,山东,"[""825""]"
控制工程基础,大连理工大学,985高校,辽宁,"[""821""]"
控制工程基础,清华大学,985高校,北京,"[""822""]"
控制工程基础,电子科技大学,985高校,四川,"[""862""]"
控制工程基础,北京邮电大学,211高校,北京,"[""810""]"
控制工程基础,武汉理工大学,211高校,湖北,"[""840""]"
控制工程基础,安徽工程大学,普通高校,安徽,"[""836""]"
控制工程基础,湖北工业大学,普通高校,湖北,"[""803""]"
控制工程基础,燕山大学,普通高校,河北,"[""802""]"
控制工程基础,空军工程大学,普通高校,陕西,"[""803""]"
控制原理,哈尔滨工业大学,985高校,黑龙江,"[""801""]"
控制原理,华东理工大学,211高校,上海,"[""816""]"
控制原理,青岛科技大学,普通高校,山东,"[""816""]"
控制综合,北京航空航天大学,985高校,北京,"[""833""]"
控制综合,南开大学,985高校,天津,"[""809""]"
控制综合,北京交通大学,211高校,北京,"[""801""]"
仪器与机械,北京科技大学,211高校,北京,"[""813""]"
航空宇航与导航制导,哈尔滨工业大学,985高校,黑龙江,"[""807""]"
航空宇航与导航制导,电子科技大学,985高校,四川,"[""865""]"
航空宇航与导航制导,空军工程大学,普通高校,陕西,"[""806"", ""835""]"
