id,title,school,school_short,code,total,subject_score,author,year,level,category,undergrad
post-101,南京理工大学 总分425,南京理工大学,南理工,,425,133,上岸同学,26考研,211,自动控制原理,双非
post-102,南京理工大学 总分404,南京理工大学,南理工,,404,119,上岸同学,26考研,211,自动控制原理,211
post-103,南京理工大学 总分405,南京理工大学,南理工,,405,125,上岸同学,26考研,211,自动控制原理,双非
post-104,河海大学 总分398,河海大学,河海,,398,122,上岸同学,26考研,211,自动控制原理,双非
post-105,河海大学 总分433,河海大学,河海,,433,,上岸同学,26考研,211,自动控制原理,双非
post-106,河海大学 总分424,河海大学,河海,,424,,上岸同学,26考研,211,自动控制原理,双非
post-107,河海大学 总分416,河海大学,河海,,416,138,上岸同学,26考研,211,自动控制原理,双非
post-109,河海大学 总分393,河海大学,河海,,393,,上岸同学,26考研,211,自动控制原理,双非
post-110,福州大学 总分383,福州大学,福大,,383,109,oh-No,26考研,211,自动控制理论,双非
post-111,福州大学 总分345,福州大学,福大,,345,110,上岸同学,26考研,211,自动控制原理,双非
post-112,福州大学 总分333,福州大学,福大,,333,,上岸同学,26考研,211,自动控制原理,二本
post-113,福州大学 总分351,福州大学,福大,,351,,小羊94辣么拽,26考研,211,自动控制原理,双非
post-114,福州大学 总分374,福州大学,福大,,374,,上岸同学,26考研,211,自动控制原理,双非
post-115,北京工业大学 总分405,北京工业大学,北工,,405,,,26考研,211,自动控制原理,0基础
post-116,华东理工大学 总分420,华东理工大学,华理,,420,142,,26考研,211,控制原理,跨考
post-117,上海电力大学 总分395,上海电力大学,上海电力,,395,136,,26考研,双非,自动控制原理,双非
post-118,东北大学 总分434,东北大学,东北,,434,150,,26考研,985,自动控制原理,双非
post-119,东北大学 专业课145,东北大学,东北,,,145,,26考研,985,自动控制原理,0基础
post-120,东北大学 总分457,东北大学,东北,,457,143,,26考研,985,电路,211
post-121,东南大学 总分434,东南大学,东南,,434,,,26考研,985,自动控制原理,985
post-122,东南大学 总分401,东南大学,东南,,401,130,,26考研,985,自动控制原理,985
post-123,河海大学 总分426,河海大学,河海,,426,,上岸同学,26考研,211,自动控制原理,二本
post-124,大连海事大学 总分403,大连海事大学,大连海事,,403,140,,26考研,211,自动控制原理,二本
post-125,北京工业大学 总分400,北京工业大学,北工,821,400,138,,26考研,211,自动控制原理,双非
post-126,南京邮电大学 总分359,南京邮电大学,南邮,,359,132,,26考研,双非,自动控制原理,二本
post-127,杭州电子科技大学上岸经验,杭州电子科技大学,杭电,,,,,26考研,双非,自动控制原理,二本
post-128,中国矿业大学 总分408,中国矿业大学,矿大,,408,136,,26考研,211,自动控制原理,
post-129,保研失败上岸某985 总分420+,某985,某985,,420,140,,26考研,985,自动控制原理,985
post-130,华中科技大学 总分365,华中科技大学,华科,,365,113,,26考研,985,自动控制原理,二战
post-131,南京理工大学 总分423,南京理工大学,南理工,,423,119,,26考研,211,自动控制原理,0基础
post-132,南京航空航天大学 总分390,南京航空航天大学,南航,,390,121,,26考研,211,自动控制原理,双非
post-133,杭州电子科技大学 总分400,杭州电子科技大学,杭电,861,400,138,,26考研,双非,自动控制原理,双非
post-134,上海大学 总分402,上海大学,上大,,402,127,,26考研,211,自动控制原理,双非
post-135,天津工业大学 总分388,天津工业大学,天工,,388,132,,26考研,双非,自动控制原理,双非
post-136,南京邮电大学 总分383,南京邮电大学,南邮,,383,133,,26考研,双非,自动控制原理,双非
post-137,苏州大学 总分373,苏州大学,苏大,,373,133,,26考研,211,自动控制原理,双非
post-138,南京邮电大学 总分421,南京邮电大学,南邮,,421,141,,26考研,双非,自动控制原理,双非
post-139,南昌大学 总分401,南昌大学,南昌,,401,142,,26考研,211,自动控制原理,双非
post-140,天津工业大学 总分382,天津工业大学,天工,,382,134,,26考研,双非,电路,双非
post-141,郑州大学 总分426,郑州大学,郑大,,426,137,,26考研,211,电路,双非
post-142,太原理工大学 总分376,太原理工大学,太原理工,,376,137,,26考研,211,自动控制原理,双非
post-143,哈尔滨工程大学 总分390,哈尔滨工程大学,哈工程,,390,133,,26考研,211,自动控制原理,双非
post-144,上海大学 总分383,上海大学,上大,,383,115,,26考研,211,自动控制理论,跨考
post-145,武汉理工大学 总分425,武汉理工大学,武理,,425,141,,26考研,211,自动控制原理,双非
post-146,同济大学 总分426,同济大学,同济,,426,147,,26考研,985,自动控制原理,
post-147,哈尔滨工程大学 总分415,哈尔滨工程大学,哈工程,,415,145,,26考研,211,自动控制原理,双非
post-149,北京科技大学 总分386,北京科技大学,北科,,386,142,,26考研,211,电路,跨考
post-150,大连海事大学 总分402,大连海事大学,大连海事,,402,137,,26考研,211,自动控制原理,双非
post-152,大连海事大学 总分403,大连海事大学,大连海事,,403,129,律安学长,26考研,211,自动控制原理,双非
post-153,中国矿业大学 总分430,中国矿业大学,矿大,,430,139,,26考研,211,自动控制原理,二战
post-154,华东理工大学 总分430,华东理工大学,华理,816,430,142,,26考研,211,控制原理,双非
post-155,电子科技大学 总分379,电子科技大学,电子科大,,379,125,,26考研,985,自动控制原理,211
post-156,南京信息工程大学 总分384,南京信息工程大学,南信大,,384,122,,26考研,双非,自动控制原理,双非
post-157,杭州电子科技大学 总分378,杭州电子科技大学,杭电,,378,140,,26考研,双非,自动控制原理,双非
post-158,杭州电子科技大学 总分416,杭州电子科技大学,杭电,861,416,124,,26考研,双非,自动控制原理,双非
post-159,青岛大学 专业课107,青岛大学,青岛,,,107,,26考研,双非,自动控制原理,0基础
post-160,燕山大学 总分267,燕山大学,燕大,,267,90,,26考研,双非,自动控制原理,民办
post-162,电子科技大学 总分412,电子科技大学,电子科大,839,412,136,,26考研,985,控制原理,211
post-163,福州大学 专业课130,福州大学,福大,,,130,,26考研,211,自动控制原理,在职
post-164,福州大学 总分414,福州大学,福大,,414,127,,26考研,211,自动控制原理,双非
post-165,福州大学 总分437,福州大学,福大,,437,133,,26考研,211,自动控制原理,二本
post-166,河北工业大学 总分333,河北工业大学,河工大,,333,121,,26考研,211,自动控制原理,跨考
post-167,北京航空航天大学 总分396,北京航空航天大学,北航,,396,,,26考研,985,自动控制原理,三本
post-168,郑州大学 总分401,郑州大学,郑大,,401,131,,26考研,211,自动控制原理,双非
post-169,南京航空航天大学 总分361,南京航空航天大学,南航,,361,,,26考研,211,自动控制原理,跨考
post-170,上海交通大学 总分375,上海交通大学,上交,817,375,121,,26考研,985,自动控制原理,跨考
post-171,中国石油大学 总分400,中国石油大学,中国石油,,400,142,,26考研,211,电路,双非
post-172,南京信息工程大学 总分327,南京信息工程大学,南信大,,327,115,,26考研,双非,自动控制原理,跨考
post-173,南京工业大学 总分390,南京工业大学,南工业,,390,138,,26考研,双非,自动控制原理,二本
post-174,南昌大学 总分376,南昌大学,南昌,,376,90,,26考研,211,自动控制原理,双非
post-175,厦门大学 总分361,厦门大学,厦大,,361,117,,26考研,985,电路,双非
post-176,厦门大学 总分377,厦门大学,厦大,,377,117,,26考研,985,自动控制原理,三本
post-177,厦门大学 总分414,厦门大学,厦大,,414,130,,26考研,985,电路,
post-178,北京工业大学 总分373,北京工业大学,北工,,373,126,,26考研,211,自动控制原理,双非
post-179,东北大学 总分430,东北大学,东北,,430,130,,26考研,985,自动控制原理,双非
post-180,中国科学院大学 总分397,中国科学院大学,国科大,,397,,,26考研,双非,自动控制原理,在职
post-181,哈尔滨工程大学 总分336,哈尔滨工程大学,哈工程,808,336,116,,26考研,211,电路,在职
post-182,天津工业大学 总分409,天津工业大学,天工,,409,140,,26考研,双非,电路,二本
post-183,哈尔滨工程大学 808,哈尔滨工程大学,哈工程,808,,,,26考研,211,自动控制原理,211
post-184,海南大学 总分392,海南大学,海南,,392,136,,26考研,211,自动控制原理,双非
post-185,燕山大学 总分328,燕山大学,燕大,,328,,,26考研,双非,自动控制原理,二本
post-186,哈尔滨工业大学（深圳） 总分439,哈尔滨工业大学（深圳）,哈工深,,439,,,26考研,985,自动控制原理,211
post-187,东北大学 总分426,东北大学,东北,,426,139,,26考研,985,自动控制原理,跨考
post-188,中国矿业大学 总分409,中国矿业大学,矿大,,409,,上岸同学,26考研,211,自动控制原理,双非
post-189,重庆大学 总分363,重庆大学,重大,,363,126,,26考研,985,自动控制原理,双非
post-190,重庆邮电大学 总分350,重庆邮电大学,重邮,,350,129,,26考研,双非,自动控制原理,二战
post-191,重庆邮电大学 总分375,重庆邮电大学,重邮,,375,118,,26考研,双非,自动控制原理,民办
post-192,上海交通大学 总分370,上海交通大学,上交,817,370,133,舟舟学长,26考研,985,自动控制原理,211
post-193,东北大学 总分434,东北大学,东北,,434,144,,26考研,985,电路,专升本
post-194,东北大学 总分438,东北大学,东北,,438,134,,26考研,985,自动控制原理,双非
post-195,东北大学 总分441,东北大学,东北,,441,145,,26考研,985,自动控制原理,双非
post-196,中国科学技术大学 总分387,中国科学技术大学,中科大,,387,119,,26考研,985,自动控制原理,211
post-197,中国计量大学 总分388,中国计量大学,中国计量,,388,131,,26考研,双非,自动控制原理,双非
post-198,浙江大学 总分373,浙江大学,浙大,,373,104,,26考研,985,自动控制原理,二战
post-199,东北大学 总分435,东北大学,东北,,435,143,,26考研,985,自动控制原理,二本
post-200,重庆邮电大学 专业课130,重庆邮电大学,重邮,,,130,,26考研,双非,自动控制原理,二战
post-201,南昌大学 总分408,南昌大学,南昌,,408,113,,26考研,211,自动控制原理,双非
post-202,大连理工大学 总分345,大连理工大学,大连理工,,345,94,,26考研,985,自动控制原理,双非
post-203,华北电力大学 总分375,华北电力大学,华电,,375,116,,26考研,211,电路,二战
post-204,南昌大学 总分338,南昌大学,南昌,,338,108,,26考研,211,电路,双非
post-205,南昌大学 总分384,南昌大学,南昌,,384,119,,26考研,211,自动控制原理,双非
post-206,南京航空航天大学 总分418,南京航空航天大学,南航,,418,141,,26考研,211,自动控制原理,双非
post-207,南京航空航天大学 总分411,南京航空航天大学,南航,,411,124,,26考研,211,自动控制原理,双非
post-208,同济大学 总分383,同济大学,同济,825,383,133,,26考研,985,自动控制原理,三战
post-209,中国矿业大学 总分415,中国矿业大学,矿大,,415,128,,26考研,211,自动控制原理,双非
post-210,东北大学 总分446,东北大学,东北,,446,149,,26考研,985,自动控制原理,双非
post-211,中国矿业大学 总分357,中国矿业大学,矿大,,357,116,,26考研,211,自动控制原理,二本
post-212,中国计量大学 总分370,中国计量大学,中国计量,,370,121,,26考研,双非,自动控制原理,双非
post-213,大连理工大学 总分406,大连理工大学,大连理工,,406,136,,26考研,985,自动控制原理,跨考
post-214,中国矿业大学 总分410,中国矿业大学,矿大,,410,129,,26考研,211,自动控制原理,双非
post-215,杭州电子科技大学 总分359,杭州电子科技大学,杭电,,359,,上岸同学,26考研,双非,自动控制原理,
post-216,杭州电子科技大学 总分359,杭州电子科技大学,杭电,,359,112,,26考研,双非,自动控制原理,
post-217,武汉理工大学 总分432,武汉理工大学,武理,,432,147,,26考研,211,自动控制原理,双非
post-218,江南大学 总分398,江南大学,江南,807,398,139,曙天学长,26考研,211,电路,双非
post-219,河北工业大学 总分378,河北工业大学,河工大,,378,128,,26考研,211,自动控制原理,双非
post-220,中国矿业大学 总分410,中国矿业大学,矿大,,410,125,,26考研,211,自动控制原理,双非
post-221,中国矿业大学 总分362,中国矿业大学,矿大,,362,138,,26考研,211,自动控制原理,双非
post-222,上海交通大学上岸经验,上海交通大学,上交,,,,祁水学长,26考研,985,自动控制原理,跨考
post-223,福州大学 总分406,福州大学,福大,,406,106,,26考研,211,控制工程基础,双非
post-224,南京航空航天大学 总分376,南京航空航天大学,南航,,376,143,,26考研,211,自动控制原理,双非
post-225,苏州大学 专业课125,苏州大学,苏大,842,,125,,26考研,211,自动控制原理,双非
post-226,哈尔滨工业大学 总分405,哈尔滨工业大学,哈工大,,405,132,黑白学长,26考研,985,控制原理,在职
post-227,南京邮电大学 总分405,南京邮电大学,南邮,812,405,119,Asen,26考研,双非,自动控制原理,跨考
post-228,南京邮电大学 总分396,南京邮电大学,南邮,812,396,118,努力努力再努力,26考研,双非,自动控制原理,二本
post-229,南京邮电大学 总分413,南京邮电大学,南邮,812,413,140,清风与我,26考研,双非,自动控制原理,跨考
post-230,南京邮电大学 总分404,南京邮电大学,南邮,,404,,蓝星咏叹调,26考研,双非,自动控制原理,双非
