company,date,deadline,positions,note,apply_url,notice_url,types,industries,locations,grades,exam
汇川技术,2026-08-01,招满为止,运动控制算法工程师、控制算法工程师、伺服/电机控制、方案研发工程师,汇川技术2027届校园招聘首批岗位上新，控制算法/运动控制对口；以官方公众号「汇川技术招聘」为准,https://campus.niuqizp.com/job-vwr5zCLZ5.html,https://career.smbu.edu.cn/detail/online?id=3532965,提前批|校园招聘,工业自动化|智能制造|运动控制,深圳|苏州,2027届,
中控技术,2026-08-01,招满为止,自动化控制工程师、DCS/过程控制工程师、工业软件/Industrial AI 工程师,中控技术校招持续进行，DCS、过程控制、工业AI对口岗位，官网投递 supcontech.com/join.html,http://supcontech.com/join.html,http://jy.ncu.edu.cn/detail/job?id=2612130,校园招聘,工业自动化|过程控制(DCS)|工业软件,杭州,2027届,
和利时,2026-08-01,招满为止,自动化工程师、DCS/过程控制工程师、PLC工程师,和利时科技集团及杭州和利时持续校招，DCS/过程控制/自动化对口,https://job.bit.edu.cn/frontpage/bit/html/recruitmentinfoForm.html?positionDetailId=237edcd2b79e400cbc203d46771a943d,https://www.career.zju.edu.cn/jyxt/sczp/zpztgl/ckZpgwXq.zf?zpxxbh=4E8C9AB5DA1263CDE0653A68DD0E9B18,校园招聘,工业自动化|过程控制(DCS),杭州|北京,2027届,
埃斯顿,2026-08-01,招满为止,运动控制算法工程师、机器人控制算法、伺服驱动工程师,埃斯顿2027届秋招宣讲会已启动，运动控制/机器人/伺服对口,https://m.yingjiesheng.com/xuanjianghui/xjh_6144736,https://job.hust.edu.cn/zpinfo1/2290043.htm,校园招聘|秋招,工业自动化|工业机器人|运动控制,南京,2027届,
新松机器人,2026-08-01,招满为止,运动控制算法工程师、机器人控制算法工程师、算法工程师,沈阳新松机器人2026春招进行中，含运动控制算法岗位；2027届秋招以官方为准,https://www.wondercv.com/xiaozhao/shenyang-xinsong-2026-spring-7564-3bd174/,https://m.yingjiesheng.com/xuanjianghui/xjh_6002828,校园招聘|春招,工业机器人|智能制造,沈阳,2026届|2027届,
绿的谐波,2026-08-01,招满为止,控制算法工程师、电气工程师、机械/助理工程师,苏州绿的谐波传动科技校招+社招，控制/电气对口岗位,https://dwrc.cn/Web/Function/SchoolRecruit/SchoolJobDetails.aspx?PID=c890f02d-59a3-47d8-b965-b043d99aba94,,校园招聘|社招,工业自动化|谐波减速器/精密传动,苏州,2027届,
台达,2026-08-01,招满为止,控制工程师、自动化工程师、驱动/伺服工程师,台达集团2027届研发暑期营报名开启，自动化/驱动对口,https://m.delta-china.com.cn/zh-CN/career/join,https://v.wjx.cn/vm/tKW356q.aspx,校园招聘|提前批,工业自动化|电源|智能制造,上海|苏州,2027届,
施耐德电气,2026-08-01,招满为止,自动化/电气工程师、数字化工程师、PLC/工业软件工程师,施耐德电气2027届秋招「新星计划」提前批已启动，多地岗位,https://campus.niuqizp.com/job-vwr5aLLNM.html,https://m.wh.bendibao.com/job/199755.shtm,提前批|校园招聘,工业自动化|电气|能源管理,北京|上海|广州|西安|厦门|武汉,2027届,
西门子,2026-08-01,招满为止,数字化工业/自动化与驱动工程师、自动化测试工程师,西门子中国校招官方入口，2026秋招提前批已结束，2027届以官方为准,https://www.siemens.com/zh-cn/company/jobs/campus-recruiting/,https://sfi.cuhk.edu.cn/zh-hans/node/8765,校园招聘,工业自动化|数字化工业|电气,北京|上海,2027届,
ABB,2026-08-01,招满为止,电气工程师、控制工程师、自动化工程师,ABB中国2026届校招已启动并开放2027届实习，电气/控制对口,https://campus.niuqizp.com/job-vsY5zNZzt.html,https://24365.cq.smartedu.cn/campus/view/id/713468/mark/cqu,校园招聘|实习,工业自动化|电气|工业机器人,北京|上海,2026届|2027届,
罗克韦尔自动化,2026-08-01,招满为止,自动化软件工程师、控制系统工程师,罗克韦尔自动化(中国)及软件(大连)持续招聘，软件/控制对口,https://m.yingjiesheng.com/job-007-968-867.html,https://jdjyw.jlu.edu.cn/mportal/company/details?id=fe18e2365b604651aa2f9e0c9f30a3f6,校园招聘|社招,工业自动化|工业软件,大连|西安|上海,2026届|2027届,
横河电机,2026-08-01,招满为止,控制/自动化工程师、DCS工程师、仪表工程师,横河电机(中国)校招入口，DCS/过程控制对口,https://app.mokahr.com/campus-recruitment/hhdj/58086#/,https://www.yokogawa.com/cn/about/careers/hr/,校园招聘|社招,工业自动化|过程控制(DCS/仪表),上海,2027届,
宝信软件,2026-08-01,招满为止,自动化工程师、工业软件/智能制造工程师,宝信软件及安徽宝信2026届校招持续，工业软件与智能制造对口,https://yun.ahbys.com/job2.html?jid=52076&cid=17320,https://mp.weixin.qq.com/s/uh0Dz7cVR8BGTAMKgM9FUg,校园招聘,工业软件|工业自动化|智能制造,上海|马鞍山,2026届|2027届,
中冶赛迪,2026-08-01,招满为止,智能化信息化工程师、自动化工程师,中冶赛迪2026校招含智能化信息化类岗位，自动化对口,https://msearch.51job.com/jobs/chongqing-ljxq/167752427.html,,校园招聘,工业自动化|冶金工程/智能制造,重庆|上海,2026届|2027届,
金风科技,2026-08-01,招满为止,控制算法工程师、风电电控/自动化工程师,金风科技校招进行中，子公司河北金风电控2027届秋招宣讲会已启动,https://m.yingjiesheng.com/xuanjianghui/xjh_6252298,https://career.hebut.edu.cn/correcruit/content/id/77352.html,校园招聘,风电/新能源|工业自动化,北京|乌鲁木齐|河北,2026届|2027届,
大疆创新,2026-08-04,招满为止,控制算法工程师、运动控制算法、飞控算法、传感器融合、嵌入式（机器人方向）,2027「拓疆者」校招开启，约46岗覆盖算法/硬件/芯片，北上深有岗,https://we.dji.com,http://www.offcn.com/gqzp/2026/0804/251151.html,校园招聘|秋招,无人机|机器人,深圳|北京|上海,2027届,
宇树科技,2026-07-30,招满为止,机器人运动控制、足式/人形机器人控制算法、强化学习、嵌入式控制、电机/伺服控制,宇树科技2027年校园招聘已启动，人形/足式机器人控制为核心对口方向,https://www.unitree.com/,https://www.job.sjtu.edu.cn/career/zpxx/view/zpxx/194501126714953728,校园招聘,机器人|具身智能,杭州,2027届,
智元机器人,2026-07-17,招满为止,人形机器人运动控制、具身智能、强化学习、灵巧手/伺服控制、嵌入式控制,智元2027届校园招聘全面启动，人形机器人整机控制/具身智能对口,https://www.agibot.com/,https://career.nankai.edu.cn/correcruit/content/id/116382.html,校园招聘,机器人|具身智能,上海,2027届,
追觅科技,2026-08,招满为止,SLAM算法、机器人感知/控制算法、嵌入式软件,扫地机器人/智能清洁头部公司，SLAM与嵌入式为核心,,https://www.quanzhi.com/notice/68618b7491a306c224d1d555,校园招聘,机器人,苏州|上海,2027届,
科沃斯机器人,2026-08,招满为止,SLAM算法、机器人导航算法、传感器算法,科沃斯校招进行中，招聘城市苏州；含算法工程师-SLAM/传感器岗,,https://campus.niuqizp.com/job-vU85LnMZ5.html,校园招聘,机器人,苏州,2027届,
石头科技,2026-08,招满为止,机器人算法（SLAM/规划/控制）、感知算法、嵌入式,石头科技校招算法类岗位为主，扫地机器人头部公司,,https://job.bit.edu.cn/frontpage/bit/html/recruitmentinfoForm.html?positionDetailId=488004a454984473bd8c1a4fa3b29289,校园招聘,机器人,北京|上海|深圳,2027届,
越疆机器人,2026-08,招满为止,机器人算法工程师、伺服算法工程师、运动控制,越疆2027届校招含机器人算法工程师（深圳），社招含伺服算法工程师,,https://campus.niuqizp.com/job-vlr5ZCNLz.html,校园招聘,机器人,深圳,2027届,
节卡机器人,2026-08,招满为止,控制算法工程师、控制器软件开发工程师、运动控制,协作机器人头部公司，社招为主，控制器软件开发（上海）等控制对口岗,,https://msearch.51job.com/jobs/shanghai-mhq/171684973.html,社招,机器人,上海,,
优必选,2026-08,招满为止,运动控制算法、伺服软件工程师、机器人算法工程师,优必选2027届校招含伺服软件工程师等，深圳/北京,,https://campus.niuqizp.com/job-vmk55nMtZ.html,校园招聘,机器人,深圳|北京,2027届,
云深处科技,2026-05-24,招满为止,足式机器人运动控制、运动规划、步态控制算法,云深处2027全球校招启动，四足/足式机器人，运动控制为核心方向,https://app135149.eapps.dingtalkcloud.com/campus-recruitment/yunshenchu/100000136,https://news.qq.com/rain/a/20260524A094PD00,校园招聘,机器人,杭州,2027届,
松灵机器人,2026-08,招满为止,机器人算法、运动控制、底盘控制、技术支持,松灵(AgileX)移动底盘/无人驾驶平台公司，2027届校招，算法与底盘控制方向对口,,https://campus.niuqizp.com/job-vrr5tCtM5.html,校园招聘,机器人,深圳|东莞,2027届,
拓竹科技,2026-08-07,招满为止,运动控制、电机控制、伺服、嵌入式控制,拓竹2027届研发类提前批启动，开放超100岗位，控制/电机/嵌入式对口,https://bambulab.jobs.feishu.cn/campus/page-yJLBmj,https://wtu.91wllm.cn/news/view/aid/298949,提前批|校园招聘,机器人|3D打印,深圳|上海,2027届,
普渡科技,2026-08,招满为止,机器人规划/控制算法、SLAM、运动控制,普渡2027届校招及2028届实习生项目启动，商用服务机器人,,https://career.sysu.edu.cn/campus/view/id/996271,校园招聘,机器人,深圳,2027届,
丰疆智能,2026-08,招满为止,自动驾驶规控、导航控制、运动控制、嵌入式,农业机器人/自动驾驶，多地设岗，导航规控与控制方向对口,,https://m.yingjiesheng.com/job-007-966-548.html,校园招聘,机器人|农机自动驾驶,深圳|南京|武汉|西安|福州,2026届|2027届,
极智嘉,2026-08,招满为止,运动控制算法工程师、操作算法工程师,仓储物流机器人龙头，明确招运动控制算法工程师（北京/合肥）,https://app.mokahr.com/campus_apply/geekplus/165879,https://jobs.niuqizp.com/schedule-hm88raM5L.html,校园招聘|社招,机器人,北京|合肥,2027届,
库犸科技,2026-08,招满为止,规控算法工程师、运动控制、路径规划、机器人控制,库犸科技(Mammotion)智能庭院/割草机器人头部，2027提前批含规控算法工程师（深圳）,https://jobs.mammotion.cn,https://jobs.mammotion.cn/campus_recruitment/position/7659706477493684489/detail,提前批|校园招聘,机器人|智能庭院/割草机器人,深圳,2027届,
比亚迪,2026-07-28,招满为止,整车控制、底盘控制、电机控制、标定、智能驾驶规控算法,比亚迪2027届秋招提前批已启动，整车/底盘/电机控制等方向，官网可投,https://job.byd.com/,http://job.hust.edu.cn/zpinfo1/2407093.htm,提前批|校园招聘,汽车|智能驾驶,深圳|西安|长沙|上海|北京,2027届,
蔚来汽车,2026-07,招满为止,自动驾驶规控算法、底盘控制、整车控制、电机控制、标定,蔚来2027届技术提前批校园招聘启动，覆盖自动驾驶规控/底盘控制等技术岗,https://nio.jobs.feishu.cn/campus/,https://www.nowcoder.com/feed/main/detail/22d3988cf9ce48c7a820d0a2a734750c,提前批|校园招聘,汽车|智能驾驶,上海|北京|合肥,2027届,
理想汽车,2026-08,招满为止,自动驾驶规控/控制算法、底盘控制、整车控制、电机、车辆动力学、决策规划,理想2027届顶尖技术人才专项「理想+」计划及2027校园招聘启动，规控/底盘方向对口,https://www.lixiang.com/,https://career.nankai.edu.cn/correcruit/content/id/116499.html,校园招聘|提前批|顶尖人才专项,汽车|智能驾驶,北京|上海|深圳|香港,2027届,含免笔试
小鹏汽车,2026-08,招满为止,自动驾驶规控算法、底盘控制、整车控制,小鹏2027届「探索者计划」全球校园招聘启动,https://xiaopeng.jobs.feishu.cn/campus,http://career.csu.edu.cn/job/view/id/1188543,校园招聘,汽车|智能驾驶,广州|北京|上海|深圳,2027届,
华为技术有限公司,2026-08,招满为止,智能车控/底盘控制/规控算法/传感器融合（车BU引望）+ 海思芯片/嵌入式软件/硬件（海思/2012实验室）,华为智能汽车解决方案BU(引望)与海思/2012实验室2027届校招及实习生岗位已发布，官方招聘页投递,https://career.huawei.com/,https://campus.niuqizp.com/job-vrk5Zz5aa.html,校园招聘|实习生,智能驾驶|汽车|半导体|嵌入式,上海|东莞|深圳|杭州|武汉|北京|南京|苏州|西安|成都,2027届,需要笔试
禾赛科技,2026-07,招满为止,激光雷达算法、传感器融合、机器人动力系统、雷达研发、标定,禾赛科技2027届秋招提前批启航，激光雷达算法/传感器融合/机器人动力系统方向,https://kwh0jtf778.jobs.feishu.cn/229043,https://job.nwpu.edu.cn/frontpage/nwpu/html/recruitmentFairForm.html?id=1fc77b2176fd4d45a1ee87a43765bf41,提前批|校园招聘,激光雷达|智能驾驶,上海|杭州|西安,2027届,
速腾聚创,2026-07,招满为止,激光雷达算法、传感器融合、硬件/电子、机器人,速腾聚创2027届提前批启动（RoboSense全球校招），深圳/上海,https://www.robosense.ai/,http://job.neu.edu.cn/campus/view/id/562332,提前批|校园招聘,激光雷达|智能驾驶,深圳|上海,2027届,
图达通,2026-08,招满为止,激光雷达算法、传感器融合,图达通(Innovusion)2027届校招信息已发布，激光雷达算法/传感器融合方向,https://www.innovusion.com/,https://jy.scu.edu.cn/index/index/newsdetail.html?data=MDAwMDAwMDAwMJG6n3_Ed6imi4qQtMOfeZuKk7bOyGHRp7ugzc-GnZ2skMx9ZMN4gtKLipCwxKF0lZC5sq-0gqJv,校园招聘,激光雷达|智能驾驶,苏州,2027届,
Momenta,2026-07,招满为止,规控算法、决策规划、端到端大模型、世界模型,Momenta 2027 Mstar顶尖人才计划全球招聘启动，规控/决策规划/端到端方向,https://momenta.jobs.feishu.cn/campus/position/list,https://cqu.cqbys.com/campus/view/id/731902,校园招聘|秋招,智能驾驶,深圳|上海|北京|苏州|广州,2027届,
文远知行,2026-08,招满为止,决策/控制/运动规划算法、规控算法、传感器融合,文远知行2027届校招启动，含决策/控制/运动规划算法工程师，广州/深圳/武汉,https://app.mokahr.com/campus_apply/jingchi/2137#/jobs,https://campus.niuqizp.com/job-vs85zn5Cz.html,校园招聘,智能驾驶|自动驾驶,广州|深圳|武汉|北京|上海,2027届,
小马智行,2026-06,招满为止,运动规划、规划控制、端到端、决策、深度学习/强化学习,小马智行2027届实习生提前上岸/校招启动，运动规划/规划控制/端到端方向,https://ponyai.jobs.feishu.cn/campus,https://campus.niuqizp.com/job-vwY5tZ5Lt.html,实习生|校园招聘,智能驾驶|自动驾驶,北京|广州|上海,2027届,
地平线机器人,2026-08,招满为止,规控算法、规划控制、底盘、传感器融合、端到端自动驾驶、嵌入式/算子,地平线2027届秋季校园招聘启动，规控/规划算法为控制硕士核心对口方向,https://www.horizon.cc/,https://leetcode.cn/discuss/post/U4KgmH/,秋招|校园招聘,智能驾驶|汽车芯片|人工智能,北京|上海|深圳|成都|南京|杭州,2027届,需要笔试
元戎启行,2026-07,招满为止,规划控制、感知算法、端到端,元戎启行2027秋季校园招聘启动，base深圳/北京/上海，规划控制方向,https://www.deeproute.ai/,https://job.lzu.edu.cn/html/74/article/2026/90487.html,秋招|校园招聘,智能驾驶|自动驾驶,深圳|北京|上海,2027届,
博世中国,2026-08,招满为止,底盘控制、标定、电机控制、VCU、自动驾驶软件,博世中国创新与软件开发中心2027校园招聘（无锡）已开启，含底盘控制/标定/电机控制方向,https://careers.bosch.com.cn/,https://campus.niuqizp.com/job-v8U5zMnML.html,校园招聘,汽车零部件|智能驾驶,无锡|上海|苏州|杭州,2027届,
采埃孚,2026-08,招满为止,标定、底盘、电驱控制、动力总成,采埃孚中国2027届校招/社招，标定/底盘/电驱控制方向,https://www.zf.com/china/zh/careers/careers.html,https://www.zf.com/china/zh/careers/careers.html,校园招聘|社招,汽车零部件,上海|北京|苏州|杭州,2027届,
小米集团,2026-08-11,招满为止,机器人控制、运动控制、强化学习、具身智能算法、智能驾驶规控、嵌入式控制,小米2027届全球校招已启动，AI相关岗位需求同比增长50%，含具身智能&智能驾驶专项,https://campus.xiaomi.com/,https://24365.cq.smartedu.cn/campus/view/id/731431/mark/cqwu,校园招聘|提前批|顶尖人才计划,互联网|人工智能|具身智能|智能汽车,北京|上海|武汉|深圳|南京,2027届,需要笔试
字节跳动,2026-08,招满为止,具身智能算法研究员、机器人控制、运动控制、强化学习、具身智能大模型,字节Seed 2027届大模型人才校招启动，另有机器人算法专家社招；控制岗以具身智能/机器人方向为主,https://jobs.bytedance.com/campus,https://seed.bytedance.com/zh/blog/bytedance-seed-2027-foundation-model-campus-recruitment-is-now-open-internships-included,校园招聘|提前批,互联网|人工智能|具身智能,北京|上海|深圳|杭州,2027届,需要笔试
商汤科技,2026-07-24,招满为止,自动驾驶规控/决策规划、具身智能控制、机器人算法、SLAM,商汤「无限原力」顶尖人才计划招募启动，含自动驾驶与具身智能方向,https://hr.sensetime.com/,https://career.nankai.edu.cn/correcruit/content/id/116342.html,校园招聘|提前批|顶尖人才计划,人工智能|具身智能|自动驾驶,北京|上海|深圳,2027届,需要笔试
旷视科技,2026-08,招满为止,机器人控制、SLAM/定位、嵌入式控制、运动控制,旷视发布校招+社招四大类热招岗位合集，含机器人/自动驾驶方向,https://www.megvii.com/,https://mp.weixin.qq.com/s?__biz=MzU4NTkwMDM1NA==&mid=2247495972&idx=1&sn=5bde7865b1f905a0caf964fa9f19f161,校园招聘|社招,人工智能|机器人,北京,2027届,
百度,2026-07-28,招满为止,自动驾驶规控/决策规划算法、端到端自动驾驶、控制算法、强化学习,百度IDG智能驾驶事业群组2027届校招进行中，含端到端自动驾驶算法研究员岗,https://talent.baidu.com/,https://job.lzu.edu.cn/html/74/article/2026/90333.html,校园招聘|秋招,互联网|人工智能|自动驾驶,北京|上海|广州|深圳,2027届,需要笔试
腾讯,2026-08,招满为止,Robotics X机器人具身智能研究员（操作/控制方向）、运动控制、强化学习,腾讯Robotics X主要走社招，招聘机器人具身智能研究员(操作方向)，工作地深圳,https://careers.tencent.com/,https://s.niuqizp.com/s_social_Robotics%20X-%E6%9C%BA%E5%99%A8%E4%BA%BA%E5%85%B7%E8%BA%AB%E6%99%BA%E8%83%BD%E7%A0%94%E7%A9%B6%E5%91%98-%E6%93%8D%E4%BD%9C%E6%96%B9%E5%90%91/?ur=article,社招,互联网|具身智能|机器人,深圳,,需要笔试
美团,2026-08,招满为止,无人机控制/规划控制、自动配送机器人、SLAM、强化学习、嵌入式控制,美团2027届秋招提前批与「北斗计划」已开启，无人机/自动配送方向对控制类专业对口,https://campus.meituan.com/,https://job.lzu.edu.cn/html/74/article/2026/89108.html,校园招聘|提前批|秋招,互联网|无人机|机器人,北京|深圳|上海|广州|香港,2027届,含免笔试
蚂蚁集团,2026-08-11,招满为止,具身智能/机器人算法、AI算法工程师,蚂蚁星Plan A顶尖人才专项2027届启动，控制类直接对口岗位较少，需按「机器人/具身智能」筛选,https://talent.antgroup.com/,https://job.xjtu.edu.cn/frontpage/xjtu/html/newsDetail.html?id=e6bbc289c9774bb89ce024f0a4007924,校园招聘|提前批|顶尖人才计划,互联网|人工智能,杭州|北京|上海|深圳,2027届,含免笔试
国电南瑞,2026-08,招满为止,电网调度自动化、继电保护、配电自动化、嵌入式软件,南瑞集团（国电南瑞母公司）2027校园招聘，具体岗位与截止以官方招聘系统为准,,https://www.gwy.com/gqzp/411471.html,校园招聘,电力/能源|嵌入式,南京,2027届,需要笔试
南瑞继保,2026-04-27,招满为止,继电保护、电网自动化、电力电子控制,南瑞继保2027届实习生（可转正）招聘，正式秋招以官方为准,,http://www.offcn.com/gqzp/2026/0427/234368.html,实习生招聘,电力/能源|嵌入式,南京,2027届,需要笔试
许继电气,2026-08,招满为止,继电保护、电网自动化、电力电子控制、嵌入式,许继（中国电气装备）官方校招入口，2027届岗位以官网最新公告为准,https://xjec.com/contact/campus/,https://job.hust.edu.cn/zpinfo1/2327188.htm,校园招聘,电力/能源,许昌|郑州,2027届,需要笔试
四方股份,2026-08,招满为止,继电保护、电网自动化、配电自动化、嵌入式软件,四方股份2027届校招提前批正式启动，多城市有岗,,https://ccnu.91wllm.cn/campus/view/id/1000963,提前批,电力/能源|嵌入式,北京|保定|西安|南京|武汉|湖州|乌鲁木齐,2027届,需要笔试
特变电工,2026-08,招满为止,电力电子控制、电气自动化、变压器/变流器研发,特变电工旗下沈阳变压器、天津变压器等子公司校招，岗位以官方招聘页为准,,https://career.buaa.edu.cn/frontpage/buaa/html/recruitmentinfoForm.html?positionDetailId=05c9f8139b834d239d569b27975ef6a8,校园招聘,电力/能源,昌吉|沈阳|衡阳|天津,2027届,
宁德时代,2026-08,招满为止,BMS电池管理系统、电机控制、储能系统控制、嵌入式软件,宁德时代2027届校园招聘宣讲会启动，BMS/储能/电机控制为控制对口方向,https://talent.catl.com,https://qc.lvu.edu.cn/2b/09/c2389a76553/page.htm,校园招聘,电力/能源|嵌入式,宁德|上海|厦门|溧阳|宜宾,2027届,
中国中车,2026-08,招满为止,牵引电机控制、电力电子变流控制、嵌入式软件、轨道交通电气,中国中车2027校园招聘，官网入口crrc.hotjob.cn，旗下株洲所/青岛四方招控制对口岗,https://crrc.hotjob.cn/,https://www.gwy.com/gqzp/409810.html,校园招聘,电力/能源|嵌入式,株洲|青岛|北京|长春|大连,2027届,需要笔试
汇顶科技,2026-08,招满为止,嵌入式软件、数字IC设计/验证、固件、传感器算法,汇顶科技2027届校园招聘进行中，深圳/上海/成都/武汉有岗,,https://job.xjtu.edu.cn/frontpage/xjtu/html/recruitmentinfoForm.html?positionDetailId=02d0643df99e4f61b666f33833de9aca,校园招聘,半导体|嵌入式,深圳|上海|成都|武汉,2027届,
兆易创新,2026-08,招满为止,嵌入式软件、存储控制器、模拟IC设计、MCU应用,兆易创新2027校园招聘提前批，武汉等地有岗,,https://sdwz.91job.org.cn/recruitment/jobDetails?zpgwid=1000000000728687&dwid=650192,提前批,半导体|嵌入式,北京|上海|深圳|合肥|武汉,2027届,
韦尔股份,2026-08,招满为止,CMOS图像传感器(CIS)模拟IC、嵌入式软件、硬件工程师、测试,豪威集团(韦尔股份)27届秋招，上海/北京等多城市；控制方向可投硬件/嵌入式,,https://campus.niuqizp.com/schedule-7kw8NLCLC.html,校园招聘,半导体,上海|北京|深圳|武汉|成都|天津,2027届,
卓胜微,2026-08,招满为止,射频芯片设计、模拟IC设计、芯片测试、产品工程师,卓胜微2026届春招/2027届校招，无锡、成都为主，射频/模拟方向,,https://campus.niuqizp.com/job-vkl5tCzZn.html,校园招聘,半导体,无锡|成都,2026届|2027届,
中芯国际,2026-08-13,招满为止,设备工程师、工艺工程师、自动化/机台控制,中芯国际2027届校园招聘正式启动，设备/工艺岗为控制类对口方向,,https://job.lzu.edu.cn/html/74/article/2026/90768.html,校园招聘,半导体,上海|北京|天津|深圳,2027届,需要笔试
华虹半导体,2026-08,招满为止,设备工程师、工艺整合、自动化控制,华虹集团2027届校园招聘（芯大使招募），官方投递入口mokahr,https://app.mokahr.com/m/campus-recruitment/huahong/78009,https://www.sohu.com/a/1060130129_121124005,校园招聘,半导体,上海|无锡|成都,2027届,需要笔试
北方华创,2026-07-11,招满为止,半导体设备控制、电气控制、软件（设备控制）、自动化,北方华创2027届校招提前批启动，北京/上海等全国多地有岗,,https://m.zggqzp.com/2026/zpxx_0711/402852.html,提前批,半导体|嵌入式,北京|上海|苏州|武汉|西安|合肥,2027届,
中微公司,2026-08,招满为止,半导体设备控制软件、电气控制、工艺,中微公司2027登峰计划博士提前批及2027届实习生招聘,,https://campus.niuqizp.com/job-vmy5zMaNL.html,提前批,半导体,上海|南昌,2027届,
中国航天科技集团,2026-06-30,招满为止,制导导航与控制(GNC)、飞行控制、伺服系统、火控、航天器控制系统、自动化测试,航天科技2027届星辰英才计划校招提前批，控制类对口下属一/五/八院控制系统单位,,http://m.zggqzp.com/2026/zpxx_0630/400750.html,提前批|校园招聘,航空航天|军工/国防|科研院所,北京|上海|西安|成都|保定,2027届,
航天一院,2026-06-08,招满为止,运载火箭制导控制、伺服系统、火控、GNC,航天一院(运载火箭技术研究院)2027年校园招聘，火箭总体与控制相关,,http://sa.zgsydw.com/zhaopin/20260608/79049_1.html,校园招聘,航空航天|军工/国防|科研院所,北京,2027届,
航天五院502所,2026-07-21,招满为止,空间智能控制体系设计、卫星姿态控制/GNC、制导导航与控制、伺服,五院五〇二所2027届提前批，航天器控制系统最对口院所，控制硕士优先,,https://www.gaoxiaojob.com/announcement/detail/417769.html,提前批|校园招聘,航空航天|军工/国防|科研院所,北京,2027届,
航天八院,2026-06-30,招满为止,航天器控制、飞行控制、伺服（含上海航天控制技术研究所）,航天八院(上海航天技术研究院)2027校招提前批，控制岗以官方为准,,https://www.fenbi.com/page/exam-information-detail/467289983441920,提前批|校园招聘,航空航天|军工/国防|科研院所,上海,2027届,
中国航天科工集团,2026-06-30,招满为止,制导控制、飞行控制、伺服系统、自动化测试,航天科工2027届校园招聘全面启动，官方网申系统casic.zhiye.com，导弹/航天控制系统院所对口,https://casic.zhiye.com,http://m.haerbin.offcn.com/html/2026/06/103111.html,校园招聘,航空航天|军工/国防|科研院所,北京|武汉|贵阳|呼和浩特|西安|长沙,2027届,需要笔试
航天二院,2026-03-13,招满为止,导弹制导控制、伺服、火控,航天科工二院2026校招暨2027届暑期实践招募，暑期实践/提前锁定，控制类对口,,http://www.offcn.com/sydw/2026/0313/1114277.html,提前批|校园招聘,航空航天|军工/国防|科研院所,北京,2027届,
航天三院三部,2026-08-01,招满为止,导弹制导、飞行控制、GNC,三院三部2027年度校园招聘启动，飞航导弹制导控制方向，控制硕士对口,,https://m.fenbi.com/page/exam-information-detail/468343912160256,校园招聘,航空航天|军工/国防|科研院所,北京|武汉,2027届,
中国电子科技集团,2026-08-01,招满为止,雷达伺服控制、制导、控制系统、自动化测试,中国电科2027年校园招聘提前批，要求硕士及以上学历，14/28/38/52等所均覆盖控制方向,,https://m.gwy.com/gqzp/410576.html,提前批|校园招聘,军工/国防|科研院所|电子信息,北京|南京|成都|合肥|西安|杭州,2027届,
中电科14所,2026-08-01,招满为止,雷达系统伺服控制、信号处理、制导,中电科14所暑期开放日/信息处理研究部提前批招聘宣讲，雷达伺服与运动控制对口,,https://www.wondercv.com/xiaozhao/cetc14-nanjung-summer-open-day-2027-11134-aa7a59/,提前批|校园招聘,军工/国防|科研院所|电子信息,南京,2027届,
中电科28所,2026-08-01,招满为止,指挥控制系统、自动化,28所(南京电子工程研究所)校招，C4ISR指挥控制方向，控制/自动化可投,,https://www.gaoxiaojob.com/announcement/job-list?id=408512,校园招聘,军工/国防|科研院所|电子信息,南京,2027届,
中电科38所,2026-08-01,招满为止,雷达伺服、自动化测试、控制系统,中电博微/38所2027届校园招聘启动，雷达整机与伺服控制对口,,https://pc.fenbi.com/page/exam-information-detail/468365664080896,校园招聘,军工/国防|科研院所|电子信息,合肥,2027届,
中电科52所,2026-08-01,招满为止,自动化测试、嵌入式控制,52所(杭州计算机外部设备研究所)招聘，计算机外设/自动化方向,,https://jdjyw.jlu.edu.cn/mportal/company/details?id=6d6b5a7c292041ffb969a4502a2b2c1f,校园招聘,军工/国防|科研院所|电子信息,杭州,2027届,
中国航空工业集团,2026-08-01,招满为止,飞行控制、制导、GNC、伺服、机载系统,航空工业集团2027届校园招聘，覆盖成飞/沈飞/西飞/自控所等，飞控与控制类对口,,http://liangshan.jrzp.com/nView_6D134AEE8B7317C7.shtml,校园招聘,航空航天|军工/国防,成都|沈阳|西安|北京,2027届,
沈飞,2026-08-01,招满为止,飞行控制、机载系统、自动化,沈飞2027届校园招聘，战斗机飞控/机载控制系统对口,,http://jyc.cavtc.cn/info/1004/4671.htm,校园招聘,航空航天|军工/国防,沈阳,2027届,
航空工业618所,2026-08-01,招满为止,飞行控制、制导(GNC)、伺服作动、惯性导航,618所(西安飞行自动控制研究所)，控制类专业最对口院所之一,,https://jdjyw.jlu.edu.cn/mportal/company/details?id=3921,校园招聘,航空航天|军工/国防|科研院所,西安,2027届,
中国船舶集团,2026-08-01,招满为止,运动控制、伺服、自动化,中国船舶集团2027届校园招聘，覆盖701/719/716等所，舰船自动化与控制对口,,https://dizhi.jiuyeb.cn/Zhaopin/xiaozhao.html?id=5835ad03-4022-e575-726f-c24d21fbedf9&type=1,校园招聘,军工/国防|科研院所,上海|武汉|大连|连云港,2027届,
中船701所,2026-08-01,招满为止,舰船总体控制、自动化,701所校园招聘，舰船总体与控制系统方向，控制类对口,,https://m.gaoxiaojob.com/announcement/detail/343429.html,校园招聘,军工/国防|科研院所,武汉|上海,2027届,
中船719所,2026-08-01,招满为止,舰船控制系统、自动化,719所官方校招投递页，潜艇/舰船控制方向，控制类对口,https://campus.51job.com/cssc719/m/,http://campus.51job.com/cssc719/job.html,校园招聘,军工/国防|科研院所,武汉,2027届,
中船716所,2026-08-01,招满为止,自动化、伺服控制、测试（舰船自动化）,江苏自动化研究所(716所)，舰船自动化与控制最对口,,http://www.job.ustc.edu.cn/Jobinformation/info.aspx?itemid=15878,校园招聘,军工/国防|科研院所,连云港,2027届,
中国兵器工业集团,2026-08-01,招满为止,火控、制导、伺服、自动化测试,中国兵器「兵器未来科学家」2027届博士提前批+硕士校招，火控/制导方向对口,,https://m.fenbi.com/page/fenxiaozhaokaodetail/1/2010/467956163957760,提前批|校园招聘,军工/国防,北京|西安|南京|成都|绵阳|重庆|太原,2027届,
兵器202所,2026-08-01,招满为止,火炮火控、随动伺服、制导控制,202所(火炮研究所)2027届暑期开放日，火炮火控与随动伺服方向对口,,https://jdjyw.jlu.edu.cn/mportal/recruit/details?id=cfc31bde680f48f4a2630031bbc27730,提前批,军工/国防|科研院所,咸阳,2027届,
中国工程物理研究院,2026-08-01,招满为止,精密控制、自动化、测试,中物院计算机应用研究所/软件中心2027年度人才招聘，控制类岗位以官方为准,,https://job.xjtu.edu.cn/frontpage/xjtu/html/newsDetail.html?id=5d81f586a3ea49f99d599f1392ee6479,校园招聘,科研院所|军工/国防,绵阳|成都|北京,2027届,
中国航发,2026-07-28,招满为止,发动机控制系统、动力控制、液压伺服,中国航发2027届校园招聘开启，航空发动机控制系统(FADEC)方向，控制类对口,,https://www.gaoxiaojob.com/announcement/detail/420377.html,校园招聘,航空航天|军工/国防,北京|沈阳|成都|西安|株洲,2027届,
国家电网,2026-08,招满为止,电网调度自动化、继电保护、自动化/控制类岗位（电气/自动化类专业对口）,国网2027届秋招网申官网zhaopin.sgcc.com.cn，控制/自动化可报电气类与自动化类岗位,https://zhaopin.sgcc.com.cn,https://www.gwy.com/gqzp/411480.html,校园招聘|秋招,电力/能源|电网|央企,全国,2027届,需要笔试
中国南方电网,2026-08,招满为止,电网调度自动化、继电保护、自动化/控制类岗位,南网招聘官网zhaopin.csg.cn，电气/自动化/控制类专业对口,https://zhaopin.csg.cn,https://www.gwy.com/gqzp/409781.html,校园招聘|秋招,电力/能源|电网|央企,广州|深圳|昆明|贵阳|南宁|海口,2027届,需要笔试
无锡信捷电气,2026-08,招满为止,运动控制算法工程师、控制算法工程师、PLC/伺服应用工程师,信捷电气卓越计划校招及2026届补录进行中，运动控制/控制算法对口,,https://job.dlut.edu.cn/frontpage/dlut/html/recruitmentinfoForm.html?positionDetailId=57a51b3ecbd547ac98e06b841e0bf5c0,校园招聘,工业自动化|运动控制|PLC,无锡,2026届|2027届,
中国科学院自动化研究所,2026-08,招满为止,控制算法、机器人控制、模式识别、智能系统研究/工程岗,中科院自动化所（模式识别国家重点实验室）招聘，控制/机器人/智能系统方向,https://www.nowcoder.com/enterprise/3792?recruitType=2,https://www.nowcoder.com/enterprise/3792?recruitType=2,校园招聘|社招,科研院所|人工智能|机器人,北京,2027届,
中国科学院沈阳自动化研究所,2026-08,招满为止,机器人控制、运动控制、工业自动化、智能装备研究/工程岗,「以智取胜，控创未来」沈阳自动化所招聘，机器人/控制/自动化最对口,,https://www.91wllm.cn/campusUnion/view/id/991271,校园招聘,科研院所|机器人|工业自动化,沈阳,2026届|2027届,
海康威视,2026-08,招满为止,算法工程师(图像/智能)、嵌入式软件开发、硬件开发、机器人算法、控制类,海康2027超新星实习生(可转正)招聘启动，含算法/嵌入式等对口岗,https://campushr.hikvision.com,https://www.scfai.edu.cn/xsc/info/1015/18762.htm,校园招聘|实习,安防,杭州|苏州|武汉|广州,2027届,需要笔试
大华股份,2026-08,招满为止,嵌入式软件、硬件、图像算法、飞控、智能算法、雷达算法、测控,大华2027届全球校园招聘启动，含转正实习，覆盖嵌入式/飞控/算法,https://career.smbu.edu.cn/detail/online?id=3532206,https://jdjyw.jlu.edu.cn/portal/recruit/details?id=a3c98343a7bd4ae9b776b0fa46cfa384,校园招聘|实习,安防,杭州|全国31省区,2027届,需要笔试
美的集团,2026-08,招满为止,自动化、电机控制、机器人、运动控制、嵌入式、智能家电研发,美的27届美少年暑期实习及2027校招启动,https://24365.cq.smartedu.cn/campus/view/id/725932/mark/,https://jy.hnust.edu.cn/detail/online?id=1345864,校园招聘|提前批,智能制造,佛山|合肥,2027届,需要笔试
格力电器,2026-08,招满为止,电机与控制器、自动化、电气控制、嵌入式、智能装备,格力常设电机/控制岗，2027届提前批以官方为准,http://job.hust.edu.cn/zpinfo1/2375300.htm,https://www.scfai.edu.cn/xsc/info/1015/14072.htm,校园招聘|提前批,智能制造,珠海,2026届|2027届,需要笔试
海尔智家,2026-08,招满为止,智造管理、智能制造、自动化控制、嵌入式、智能家居研发,海尔智家全球校招27届顶尖人才提前批启动,https://job.tju.edu.cn/recruitment/content/type/2/id/6111.html,http://job.hust.edu.cn/zpinfo1/2394272.htm,提前批,智能制造,青岛|上海,2027届,需要笔试
先导智能,2026-08,招满为止,电气工程师、软件开发、运动控制、机器视觉、锂电/光伏装备控制,锂电/光伏智能装备龙头，校招设电气/软件/控制岗,http://job.hust.edu.cn/extxjh/561773128489836.do,https://jdjyw.jlu.edu.cn/portal/recruit/details?id=c79a958db95340d0a12c36ee773d9e42,校园招聘,智能制造,无锡,2026届|2027届,
迈瑞医疗,2026-08,招满为止,嵌入式软件、硬件、算法、控制系统、运动控制、机械设计,迈瑞2027届暑期实习生招聘启动，研发岗对口,https://www.sohu.com/a/1034298705_121124209,http://www.offcn.com/gqzp/2026/0511/237155.html,校园招聘|实习,医疗器械,深圳|武汉,2027届,需要笔试
联影医疗,2026-08,招满为止,控制系统工程师、算法工程师、软件/硬件、机器人、医学影像控制,联影集团2027届实习生专项启动，含控制系统工程师,https://career.cic.tsinghua.edu.cn/xsglxt/f/jyxt/anony/showZwxx?zpxxid=545737312,https://jdjyw.jlu.edu.cn/portal/jyzp/recruit/details?id=d57b805ddf9c422785cbba8de914accd,校园招聘|实习,医疗器械,上海|武汉|成都,2026届|2027届,需要笔试
微创医疗机器人,2026-08,招满为止,运动控制算法工程师(手术机器人)、控制算法、机器人软件、嵌入式,微创医疗机器人设运动控制算法(手术机器人)等对口岗,https://www.medbotsurgical.com/talent,https://m.fenbi.com/page/exam-information-detail/467208806094848,校园招聘|社招,医疗机器人,上海,2026届|2027届,
阳光电源,2026-08,招满为止,电力电子、储能变流器控制、控制算法、嵌入式、光伏逆变器软件,阳光电源2027届全球校招提前批启动，储能/光伏逆变器控制高度对口,https://www.ahbys.com/NW/job.html?id=323639&cid=11095,https://24365.cq.smartedu.cn/campus/view/id/731093/jyzd.xzeduc.cn/admin/default/login,提前批,储能/光伏,合肥|上海|深圳,2027届,需要笔试
锦浪科技,2026-08,招满为止,电力电子、逆变器软件/控制、硬件工程师、嵌入式、测试,锦浪(组串式逆变器龙头)2027暑期实习及26校招，电力电子对口,https://campus.niuqizp.com/job-vyl5zn5zM.html,https://msearch.51job.com/jobs/campus/coBGYGYgBkVW9WMVExVjU.html,校园招聘|实习,储能/光伏,宁波,2026届|2027届,
正泰电器,2026-08,招满为止,电气工程师、自动化、嵌入式、新能源/储能研发,正泰电气2026届校招及宣讲会，2027届岗位以官方为准,https://www.goworkla.cn/Campustalk/CampustalkDetail?ctid=68f1e9685828e757bb26906d,http://job.xpu.edu.cn/detail/career?id=686903,校园招聘,储能/光伏,温州|上海|杭州,2026届|2027届,
三一集团,2026-08,招满为止,电气工程师、控制、液压、智能化、嵌入式、电驱动,三一2027届校招提前批启动，覆盖多城市，电气/控制岗对口,https://career.csu.edu.cn/campus/view/id/587546,https://jxdxsjy.jx.edu.cn/sru/news/view/aid/69926/tag/,提前批,工程机械,北京|长沙|上海|昆山|西安|沈阳|珠海|宁乡,2027届,需要笔试
徐工集团,2026-08,招满为止,电气工程师、智能控制、液压、嵌入式、新能源电控,徐工(国企工程机械龙头)，2027届以官方为准,https://pmc.whu.edu.cn/info/1891/166551.htm,https://campus.niuqizp.com/schedule-78ks5MCLt.html,校园招聘,工程机械,徐州,2026届|2027届,
中联重科,2026-08,招满为止,智能控制类、电气类、液压类、机器人、嵌入式,中联重科2027届夏令营海狮计划启动，设智能控制类岗,https://mp.weixin.qq.com/s/kXjxAYVPJhf_WAO_eilRNw,https://campus.niuqizp.com/job-vYy5zMZZZ.html,校园招聘|实习,工程机械,长沙,2026届|2027届,
明阳智能,2026-08,招满为止,变流器/储能变流器控制、电气工程师、控制、结构设计,明阳智能(风电整机龙头)27届校招，含储能变流器工程师,https://www.quanzhi.com/job/6a7c9cf0f87cf99210c4c5a1,https://career.sysu.edu.cn/campus/view/id/995971,校园招聘,风电,中山|天津,2026届|2027届,
极飞科技,2026-08,招满为止,飞控算法、嵌入式、机器人控制算法、定位控制AI、电机控制,极飞(农业无人机龙头)2027届实习生招聘，含机器人算法(定位控制),https://haue.goworkla.cn/module/position_brief_detail/id-113268/,https://www.zhaopin.com/jobdetail/CC641482020J40879946310.htm,校园招聘|实习,农业无人机,广州|东莞,2027届,
傅利叶智能,2026-08,招满为止,运动控制算法、机器人算法(多模态)、嵌入式、硬件、控制,傅利叶(康复/人形机器人)27届实习及校招，设运动控制算法工程师,https://app.mokahr.com/campus-recruitment/fftai/147078?locale=zh-CN,https://campus.niuqizp.com/schedule-7sr85zCZn.html,校园招聘|实习|社招,医疗机器人,上海|深圳|北京,2027届,
达闼科技,2026-08,招满为止,机器人控制、机器人SLAM开发、嵌入式、软硬件工程师,达闼(云端智能/人形机器人)设机器人控制/SLAM应届岗,https://ylt.gzrc.com.cn/jobs/53013587.html,https://wap.shixiseng.com/com/com_gkmj5423mkxn,校园招聘|社招,机器人,深圳|北京|上海,2026届|2027届,
埃夫特,2026-08,招满为止,机器人控制、运动控制、软件工程师、电气工程师、嵌入式,埃夫特(工业机器人本体龙头)2027届秋招宣讲会已排期,https://m.yingjiesheng.com/xuanjianghui/xjh_6144246,https://10333.ncss.cn/student/jobs/WMM9HdJtH6aKS3v1gki9sa/detail.html,校园招聘,机器人|智能制造,芜湖|上海,2027届,
中国工商银行,2026-08,招满为止,信息科技岗、金融科技岗、软件开发中心/数据中心岗位（自动化类、电子信息类可报）,工行招聘官网job.icbc.com.cn，软件/数据中心岗招自动化、电子信息类专业,https://job.icbc.com.cn,,校园招聘|秋招,银行/金融,北京|上海|深圳|杭州|成都|全国,2027届,需要笔试
中国建设银行,2026-08,招满为止,金融科技岗、信息科技岗、科技类专项人才（计算机、电子信息、自动化等可报）,建行招聘官网job.ccb.com，金融科技/信息科技岗招自动化等专业,http://job.ccb.com,,校园招聘|秋招,银行/金融,北京|上海|深圳|广州|全国,2027届,需要笔试
招商银行·招银网络科技,2026-08,招满为止,后端开发、前端开发、算法、测试技术开发、运维研发工程师,招银网络科技2027届秋招已启动，招计算机/软件/电子信息/自动化等理工类,https://cmbnt.cmbchina.com,https://scdc.jnu.edu.cn/campus/view/id/1036169,校园招聘|秋招|提前批,银行/金融,深圳|杭州|成都,2027届,需要笔试
江苏银行,2026-08,招满为止,金融科技培训生、信息科技岗、总行本部及分行岗位（计算机、电子信息、自动化等可报）,江苏银行招聘官网hr.jsbchina.cn/zp，2027届秋招预计9月,https://hr.jsbchina.cn/zp,,校园招聘|秋招,银行/金融,南京|上海|深圳|北京,2027届,需要笔试
杭州银行,2026-04-20,招满为止,信息技术方向（软件开发、金融科技、数据方向），计算机、电子信息、自动化等可报,杭州银行总行信息技术部2027届「摘星计划」暑期实习暨提前批,https://www.hzbank.com.cn,http://www.offcn.com/yinhang/2026/0420/73097.html,暑期实习|提前批|校园招聘,银行/金融,杭州,2027届,含免笔试
宁波银行,2026-05-15,招满为止,应用研发（后端、数据）、算法工程师（技术流法师方向），计算机、电子信息、自动化等可报,宁波银行总行金融科技部2027届暑期实习，表现优异可转正,https://zhaopin.nbcb.com.cn,https://www.bianzhia.com/zhejiang/ningbo/20260515/251347.html,暑期实习|提前批|校园招聘,银行/金融,宁波,2027届,含免笔试
国家能源集团,2026-08,招满为止,电气类、自动化类、计算机类、能源动力类岗位（直招+统招）,国家能源集团招聘官网zhaopin.chnenergy.com.cn，电气/自动化/控制/计算机可报,http://zhaopin.chnenergy.com.cn,http://www.offcn.com/gqzp/2026/0813/252342.html,校园招聘|秋招,电力/能源|央企,北京|全国各能源基地,2027届,需要笔试
中国华能集团,2026-08,招满为止,火电技术岗、核电技术岗、风电/海上风电岗、水电岗（电气、自动化、热动、控制可报）,华能招聘官网zhaopin.chng.com.cn，招电气/自动化/热动/控制/新能源,https://zhaopin.chng.com.cn,,校园招聘|秋招,电力/能源|央企,北京|省会城区|县域电厂|海上风电|核电基地,2027届,需要笔试
国家电力投资集团,2026-08,招满为止,电气类、自动化类、控制类、能源动力类、新能源类岗位,国家电投招聘官网zhaopin.spic.com.cn，电气/自动化/控制可报,https://zhaopin.spic.com.cn,https://fenbi.com/page/exam-timeline-detail/694666,校园招聘|秋招,电力/能源|央企,北京|全国各发电基地,2027届,需要笔试
中国大唐集团,2026-08,招满为止,电气类、自动化类、热控类、能源动力类岗位,大唐招聘官网zhaopin.china-cdt.com，招电气/自动化/热控/能动,https://zhaopin.china-cdt.com,,校园招聘|秋招,电力/能源|央企,北京|全国各发电基地,2027届,需要笔试
中国长江三峡集团,2026-08,招满为止,电气类、自动化类、水利水电类、新能源类岗位,三峡集团官网ctg.com.cn人才招聘，电气/自动化/水利/新能源可报,https://www.ctg.com.cn,,校园招聘|秋招,电力/能源|央企,武汉|北京|宜昌|四川|浙江|湖北|云南|湖南,2027届,需要笔试
中国石油天然气集团,2026-08,招满为止,自动化类、电气类、计算机类、电子信息类、油气储运类岗位,中国石油招聘官网zhaopin.cnpc.com.cn，自动化/电气/电子信息可报，部分可免笔试,https://zhaopin.cnpc.com.cn,,校园招聘|秋招,电力/能源|央企,北京|全国各油田/炼化基地,2027届,含免笔试
中国石油化工集团,2026-08,招满为止,电气仪表类、自动化类、计算机类、化工设备类岗位,中国石化招聘官网job.sinopec.com，电气仪表/自动化可报,http://job.sinopec.com,,校园招聘|秋招,电力/能源|央企,北京|全国各炼化基地,2027届,需要笔试
中国海洋石油集团,2026-08,招满为止,电气类、自动化类、控制类、电子信息类、海洋工程类岗位,中国海油招聘官网cnooc.zhaopin.com，电气/自动化/控制/电子信息可报,https://cnooc.zhaopin.com,,校园招聘|秋招,电力/能源|央企,北京|天津|深圳|湛江|上海|海上平台,2027届,需要笔试
国家石油天然气管网集团,2026-08,招满为止,电气类、自动化类、仪表控制类、电子信息类、油气储运类岗位,国家管网招聘官网zhaopin.pipechina.com.cn，电气/自动化/仪表控制可报,https://zhaopin.pipechina.com.cn,,校园招聘|秋招,电力/能源|央企,北京|全国各管网枢纽,2027届,需要笔试
中国兵器工业导航与控制技术研究所,2026-08,招满为止,导航、制导与控制、惯性技术、自动化、电子信息类研究岗（博士为主）,兵器工业导航控制所2027届提前批，导航制导与控制/自动化/电子信息对口,,https://m.fenbi.com/page/exam-information-detail/467775267560448,提前批,军工/国防|央企|事业单位,北京,2027届,含免笔试
中国电子科技集团第二十九研究所,2026-08,招满为止,电子信息、信号处理、雷达、控制、自动化类研究岗,中电科29所2027届秋招，招电子信息/信号处理/控制/自动化,,https://career.sysu.edu.cn/campus/view/id/996430,校园招聘|秋招,军工/国防|央企|事业单位,成都,2027届,含免笔试
定向选调生（2027届）,2026-08,招满为止,定向选调-专业不限，或按「自动化类/电气类/电子信息类」报考的岗位,各省定向选调2027届公告预计9月起陆续发布，控制/自动化硕士可按自动化类/电气类报考,,https://www.jinbiaochi.com/qgxds/news_935819.html,定向选调,选调/公务员,北京|上海|江苏|浙江|广东|四川|各省,2027届,需要笔试
中国烟草（各省局/工业公司）,2026-08,招满为止,自动化类、电气类、机械类、电子信息类岗位（各省局/工业公司分散招聘）,烟草由各省局/工业公司分别在其官网发布，自动化/电气/机械类常见可报，谨防假冒,http://www.tobacco.gov.cn,,校园招聘|秋招,央企|烟草,各省（省局及工业公司所在地）,2027届,需要笔试
